Ticker,CompanyId
A1CAP,1
A1YEN,2
AAGYO,3
ACSEL,4
ADEL,5
ADESE,6
ADGYO,7
AEFES,8
AFYON,9
AGESA,10
AGHOL,11
AGROT,12
AGYO,13
AHGAZ,14
AHSGY,15
AKBNK,16
AKCNS,17
AKENR,18
AKFGY,19
AKFIS,20
AKFYE,21
AKGRT,22
AKHAN,23
AKMGY,24
AKSA,25
AKSEN,26
AKSGY,27
AKSUE,28
AKYHO,29
ALARK,30
ALBRK,31
ALBTN,32
ALCAR,33
ALCTL,34
ALFAS,35
ALGYO,36
ALKA,37
ALKIM,38
ALKLC,39
ALTNY,40
ALVES,41
ANELE,42
ANGEN,43
ANHYT,44
ANSGR,45
ARASE,46
ARCLK,47
ARDYZ,48
ARENA,49
ARFYE,50
ARMGD,51
ARSAN,52
ARTMS,53
ARZUM,54
ASELS,55
ASGYO,56
ASTOR,57
ASUZU,58
ATAGY,59
ATAKP,60
ATATP,61
ATATR,62
ATEKS,63
ATLAS,64
ATSYH,65
AVGYO,66
AVHOL,67
AVOD,68
AVPGY,69
AVTUR,70
AYCES,71
AYDEM,72
AYEN,73
AYES,74
AYGAZ,75
AZTEK,76
BAGFS,77
BAHKM,78
BAKAB,79
BALAT,80
BALSU,81
BANVT,82
BARMA,83
BASCM,84
BASGZ,85
BAYRK,86
BEGYO,87
BERA,88
BESLR,89
BESTE,90
BETAE,91
BEYAZ,92
BFREN,93
BIENY,94
BIGCH,95
BIGEN,96
BIGTK,97
BIMAS,98
BINBN,99
BINHO,100
BIOEN,101
BIZIM,102
BJKAS,103
BKRGY,104
BLCYT,105
BLUME,106
BMSCH,107
BMSTL,108
BNTAS,109
BOBET,110
BORLS,111
BORSK,112
BOSSA,113
BRISA,114
BRKO,115
BRKSN,116
BRKVY,117
BRLSM,118
BRMEN,119
BRSAN,120
BRYAT,121
BSOKE,122
BTCIM,123
BUCIM,124
BULGS,125
BURCE,126
BURVA,127
BVSAN,128
BYDNR,129
CANTE,130
CASA,131
CATES,132
CCOLA,133
CELHA,134
CEMAS,135
CEMTS,136
CEMZY,137
CEOEM,138
CGCAM,139
CIMSA,140
CITAS,141
CLEBI,142
CMBTN,143
CMENT,144
CONSE,145
COSMO,146
CRDFA,147
CRFSA,148
CUSAN,149
CVKMD,150
CWENE,151
DAGI,152
DAPGM,153
DARDL,154
DCTTR,155
DENGE,156
DERHL,157
DERIM,158
DESA,159
DESPC,160
DEVA,161
DGATE,162
DGGYO,163
DGNMO,164
DIRIT,165
DITAS,166
DMRGD,167
DMSAS,168
DNISI,169
DOAS,170
DOCO,171
DOFER,172
DOFRB,173
DOGUB,174
DOHOL,175
DOKTA,176
DSTKF,177
DUNYH,178
DURDO,179
DURKN,180
DYOBY,181
DZGYO,182
EBEBK,183
ECILC,184
ECOGR,185
ECZYT,186
EDATA,187
EDIP,188
EFOR,189
EGEEN,190
EGEGY,191
EGEPO,192
EGGUB,193
EGPRO,194
EGSER,195
EKDMR,196
EKGYO,197
EKIM,198
EKIZ,199
EKOS,200
EKSUN,201
ELITE,202
EMKEL,203
EMNIS,204
EMPAE,205
ENDAE,206
ENERY,207
ENJSA,208
ENKAI,209
ENPRA,210
ENSRI,211
ENTRA,212
EPLAS,213
ERBOS,214
ERCB,215
EREGL,216
ERSU,217
ESCAR,218
ESCOM,219
ESEN,220
ETILR,221
ETYAT,222
EUHOL,223
EUKYO,224
EUPWR,225
EUREN,226
EUYO,227
EYGYO,228
FADE,229
FENER,230
FLAP,231
FMIZP,232
FONET,233
FORMT,234
FORTE,235
FRIGO,236
FRMPL,237
FROTO,238
FZLGY,239
GARAN,240
GARFA,241
GATEG,242
GEDIK,243
GEDZA,244
GENIL,245
GENKM,246
GENTS,247
GEREL,248
GESAN,249
GIPTA,250
GLBMD,251
GLCVY,252
GLRMK,253
GLRYH,254
GLYHO,255
GMTAS,256
GOKNR,257
GOLDA,258
GOLTS,259
GOODY,260
GOZDE,261
GRNYO,262
GRSEL,263
GRTHO,264
GSDDE,265
GSDHO,266
GSRAY,267
GUBRF,268
GUNDG,269
GWIND,270
GZNMI,271
HALKB,272
HATEK,273
HATSN,274
HDFGS,275
HEDEF,276
HEKTS,277
HKTM,278
HLGYO,279
HOROZ,280
HRKET,281
HTTBT,282
HUBVC,283
HUNER,284
HURGZ,285
ICBCT,286
ICUGS,287
IDGYO,288
IEYHO,289
IHAAS,290
IHEVA,291
IHGZT,292
IHLAS,293
IHLGM,294
IHYAY,295
IMASM,296
INDES,297
INFO,298
INGRM,299
INTEK,300
INTEM,301
INTET,302
INVEO,303
INVES,304
ISATR,305
ISBIR,306
ISBTR,307
ISCTR,308
ISDMR,309
ISFIN,310
ISGSY,311
ISGYO,312
ISKPL,313
ISKUR,314
ISMEN,315
ISSEN,316
ISVEA,317
ISYAT,318
IZENR,319
IZFAS,320
IZINV,321
IZMDC,322
JANTS,323
KAPLM,324
KARCL,325
KAREL,326
KARSN,327
KARTN,328
KATMR,329
KAYSE,330
KBORU,331
KCAER,332
KCHOL,333
KENT,334
KERVN,335
KFEIN,336
KGYO,337
KIMMR,338
KLGYO,339
KLKIM,340
KLMSN,341
KLNMA,342
KLRHO,343
KLSER,344
KLSYN,345
KLYPV,346
KMPUR,347
KNFRT,348
KOCMT,349
KONKA,350
KONTR,351
KONYA,352
KOPOL,353
KORDS,354
KOTON,355
KPEKS,356
KRDMA,357
KRDMB,358
KRDMD,359
KRGYO,360
KRONT,361
KRPLS,362
KRSTL,363
KRTEK,364
KRVGD,365
KSTUR,366
KTLEV,367
KTSKR,368
KUTPO,369
KUVVA,370
KUYAS,371
KZBGY,372
KZGYO,373
LIDER,374
LIDFA,375
LILAK,376
LINK,377
LKMNH,378
LMKDC,379
LOGO,380
LRSHO,381
LUKSK,382
LXGYO,383
LYDHO,384
LYDYE,385
MAALT,386
MACKO,387
MAGEN,388
MAKIM,389
MAKTK,390
MANAS,391
MARBL,392
MARMR,393
MARTI,394
MASFN,395
MAVI,396
MCARD,397
MEDTR,398
MEGAP,399
MEGMT,400
MEKAG,401
MEPET,402
MERCN,403
MERIT,404
MERKO,405
METEN,406
METRO,407
MEYSU,408
MGROS,409
MHRGY,410
MIATK,411
MMCAS,412
MNDRS,413
MNDTR,414
MOBTL,415
MOGAN,416
MOPAS,417
MPARK,418
MRGYO,419
MRSHL,420
MSGYO,421
MTRKS,422
MTRYO,423
MZHLD,424
NATEN,425
NETAS,426
NETCD,427
NETGL,428
NIBAS,429
NTGAZ,430
NTHOL,431
NUGYO,432
NUHCM,433
OBAMS,434
OBASE,435
ODAS,436
ODINE,437
OFSYM,438
ONCSM,439
ONRYT,440
ORCAY,441
ORGE,442
ORMA,443
ORZAX,444
OSMEN,445
OSTIM,446
OTKAR,447
OTTO,448
OYAKC,449
OYAYO,450
OYLUM,451
OYYAT,452
OZATD,453
OZGYO,454
OZKGY,455
OZRDN,456
OZSUB,457
OZYSR,458
PAGYO,459
PAHOL,460
PAMEL,461
PAPIL,462
PARSN,463
PASEU,464
PATEK,465
PCILT,466
PEKGY,467
PENGD,468
PENTA,469
PETKM,470
PETUN,471
PGSUS,472
PINSU,473
PKART,474
PKENT,475
PLTUR,476
PNLSN,477
PNSUT,478
POLHO,479
POLTK,480
PRDGS,481
PRKAB,482
PRKME,483
PRZMA,484
PSDTC,485
PSGYO,486
QNBFK,487
QNBTR,488
QUAGR,489
QUICK,490
RALYH,491
RAYSG,492
REEDR,493
RGYAS,494
RNPOL,495
RODRG,496
RTALB,497
RUBNS,498
RUZYE,499
RYGYO,500
RYSAS,501
SAFKR,502
SAHOL,503
SAMAT,504
SANEL,505
SANFM,506
SANKO,507
SARAE,508
SARKY,509
SASA,510
SAYAS,511
SDTTR,512
SEGMN,513
SEGYO,514
SEKFK,515
SEKUR,516
SELEC,517
SELVA,518
SERNT,519
SEYKM,520
SILVR,521
SISE,522
SKBNK,523
SKTAS,524
SKYLP,525
SKYMD,526
SMART,527
SMRTG,528
SMRVA,529
SNGYO,530
SNICA,531
SNPAM,532
SODSN,533
SOHOE,534
SOKE,535
SOKM,536
SONME,537
SRVGY,538
SSAAT,539
SUMAS,540
SUNTK,541
SURGY,542
SUWEN,543
SVGYO,544
TABGD,545
TARKM,546
TATEN,547
TATGD,548
TAVHL,549
TBORG,550
TCELL,551
TCKRC,552
TDGYO,553
TEHOL,554
TEKTU,555
TERA,556
TEZOL,557
TGSAS,558
THYAO,559
TKFEN,560
TKNKA,561
TKNSA,562
TLMAN,563
TMPOL,564
TMSN,565
TNZTP,566
TOASO,567
TRALT,568
TRCAS,569
TRENJ,570
TRGYO,571
TRHOL,572
TRILC,573
TRMET,574
TSGYO,575
TSKB,576
TSPOR,577
TTKOM,578
TTRAK,579
TUCLK,580
TUKAS,581
TUPRS,582
TUREX,583
TURGG,584
TURSG,585
UCAYM,586
UFUK,587
ULAS,588
ULKER,589
ULUFA,590
ULUSE,591
ULUUN,592
UMPAS,593
UNLU,594
USAK,595
USHOL,596
VAKBN,597
VAKFA,598
VAKFN,599
VAKKO,600
VANGD,601
VBTYZ,602
VERTU,603
VERUS,604
VESBE,605
VESTL,606
VEYAS,607
VKFYO,608
VKGYO,609
VKING,610
VRGYO,611
VSNMD,612
YAPRK,613
YATAS,614
YAYLA,615
YBTAS,616
YEOTK,617
YESIL,618
YGGYO,619
YIGIT,620
YKBNK,621
YKFIN,622
YKSLN,623
YONGA,624
YUNSA,625
YYAPI,626
YYLGD,627
ZEDUR,628
ZERGY,629
ZGYO,630
ZOREN,631
ZRGYO,632
