IndexId,IndexCode,MarketId,IndexName
1,XU100,1,BIST 100
2,X100S,1,BIST 100 AGIRLIK SINIRLAMALI
3,XYUZO,1,BIST 100-30
4,XU030,1,BIST 30
5,X030S,1,BIST 30 AGIRLIK SINIRLAMALI
6,XU050,1,BIST 50
7,XSADA,1,BIST ADANA
8,XBANA,1,BIST ANA
9,XSANK,1,BIST ANKARA
10,XSANT,1,BIST ANTALYA
11,XSBAL,1,BIST BALIKESIR
12,XBANK,1,BIST BANKA
13,XBLSM,1,BIST BILISIM
14,XSBUR,1,BIST BURSA
15,XSDNZ,1,BIST DENIZLI
16,XELKT,1,BIST ELEKTRIK
17,XFINK,1,BIST FIN. KIR. FAKTORING
18,XGMYO,1,BIST GAYRIMENKUL Y.O.
19,XGIDA,1,BIST GIDA ICECEK
20,XHARZ,1,BIST HALKA ARZ
21,XUHIZ,1,BIST HIZMETLER
22,XHOLD,1,BIST HOLDING VE YATIRIM
23,XILTM,1,BIST ILETISIM
24,XINSA,1,BIST INSAAT
25,XSIST,1,BIST ISTANBUL
26,XSIZM,1,BIST IZMIR
27,XSKAY,1,BIST KAYSERI
28,XKMYA,1,BIST KIMYA PETROL PLASTIK
29,XKOBI,1,BIST KOBI SANAYI
30,XSKOC,1,BIST KOCAELI
31,XSKON,1,BIST KONYA
32,XKURY,1,BIST KURUMSAL YONETIM
33,XMADN,1,BIST MADENCILIK
34,XUMAL,1,BIST MALI
35,XYORT,1,BIST MENKUL KIYM. Y.O.
36,XMANA,1,BIST METAL ANA
37,XMESY,1,BIST METAL ESYA MAKINA
38,XKAGT,1,BIST ORMAN KAGIT BASIM
39,XSGRT,1,BIST SIGORTA
40,XUSIN,1,BIST SINAI
41,XSPOR,1,BIST SPOR
42,XUSRD,1,BIST SURDURULEBILIRLIK
43,XTAST,1,BIST TAS TOPRAK
44,XSTKR,1,BIST TEKIRDAG
45,XUTEK,1,BIST TEKNOLOJI
46,XTEKS,1,BIST TEKSTIL DERI
47,XTMTU,1,BIST TEMETTU
48,XTM25,1,BIST TEMETTU 25
49,XTCRT,1,BIST TICARET
50,XUTUM,1,BIST TUM
51,XTUMY,1,BIST TUM-100
52,XTRZM,1,BIST TURIZM
53,XULAS,1,BIST ULASTIRMA
54,XYLDZ,1,BIST YILDIZ
